,StyleLoss,Image,TargetImage
0,3405282816.0,"00000-1-(isometric art style_1.3),building, white background,.png",Isometric (1).jpg
1,10017846272.0,"00000-1-(isometric art style_1.3),building, white background,.png",Isometric (10).jpg
2,11929202688.0,"00000-1-(isometric art style_1.3),building, white background,.png",Isometric (11).jpg
3,7994053632.0,"00000-1-(isometric art style_1.3),building, white background,.png",Isometric (12).jpg
4,5070502400.0,"00000-1-(isometric art style_1.3),building, white background,.png",Isometric (13).jpg
5,10645502976.0,"00000-1-(isometric art style_1.3),building, white background,.png",Isometric (14).jpg
6,5882044416.0,"00000-1-(isometric art style_1.3),building, white background,.png",Isometric (15).jpg
7,6932173312.0,"00000-1-(isometric art style_1.3),building, white background,.png",Isometric (16).jpg
8,5187164160.0,"00000-1-(isometric art style_1.3),building, white background,.png",Isometric (17).jpg
9,4648452608.0,"00000-1-(isometric art style_1.3),building, white background,.png",Isometric (18).jpg
10,6495127552.0,"00000-1-(isometric art style_1.3),building, white background,.png",Isometric (19).jpg
11,10108129280.0,"00000-1-(isometric art style_1.3),building, white background,.png",Isometric (2).jpg
12,6299999744.0,"00000-1-(isometric art style_1.3),building, white background,.png",Isometric (20).jpg
13,7108501504.0,"00000-1-(isometric art style_1.3),building, white background,.png",Isometric (3).jpg
14,5740607488.0,"00000-1-(isometric art style_1.3),building, white background,.png",Isometric (4).jpg
15,9647282176.0,"00000-1-(isometric art style_1.3),building, white background,.png",Isometric (5).jpg
16,6291875328.0,"00000-1-(isometric art style_1.3),building, white background,.png",Isometric (6).jpg
17,7627229184.0,"00000-1-(isometric art style_1.3),building, white background,.png",Isometric (7).jpg
18,10369766400.0,"00000-1-(isometric art style_1.3),building, white background,.png",Isometric (8).jpg
19,8789905408.0,"00000-1-(isometric art style_1.3),building, white background,.png",Isometric (9).jpg
20,4178183680.0,"00001-2-(isometric art style_1.3),building, white background,.png",Isometric (1).jpg
21,5853125632.0,"00001-2-(isometric art style_1.3),building, white background,.png",Isometric (10).jpg
22,6861241344.0,"00001-2-(isometric art style_1.3),building, white background,.png",Isometric (11).jpg
23,4068445952.0,"00001-2-(isometric art style_1.3),building, white background,.png",Isometric (12).jpg
24,3049553920.0,"00001-2-(isometric art style_1.3),building, white background,.png",Isometric (13).jpg
25,6255985664.0,"00001-2-(isometric art style_1.3),building, white background,.png",Isometric (14).jpg
26,2861212160.0,"00001-2-(isometric art style_1.3),building, white background,.png",Isometric (15).jpg
27,2998280704.0,"00001-2-(isometric art style_1.3),building, white background,.png",Isometric (16).jpg
28,4151567872.0,"00001-2-(isometric art style_1.3),building, white background,.png",Isometric (17).jpg
29,3467302400.0,"00001-2-(isometric art style_1.3),building, white background,.png",Isometric (18).jpg
30,2590511104.0,"00001-2-(isometric art style_1.3),building, white background,.png",Isometric (19).jpg
31,6280046592.0,"00001-2-(isometric art style_1.3),building, white background,.png",Isometric (2).jpg
32,3540565760.0,"00001-2-(isometric art style_1.3),building, white background,.png",Isometric (20).jpg
33,5479649792.0,"00001-2-(isometric art style_1.3),building, white background,.png",Isometric (3).jpg
34,3918771200.0,"00001-2-(isometric art style_1.3),building, white background,.png",Isometric (4).jpg
35,6039218688.0,"00001-2-(isometric art style_1.3),building, white background,.png",Isometric (5).jpg
36,3017913856.0,"00001-2-(isometric art style_1.3),building, white background,.png",Isometric (6).jpg
37,4653502976.0,"00001-2-(isometric art style_1.3),building, white background,.png",Isometric (7).jpg
38,5404646400.0,"00001-2-(isometric art style_1.3),building, white background,.png",Isometric (8).jpg
39,4515853312.0,"00001-2-(isometric art style_1.3),building, white background,.png",Isometric (9).jpg
40,4665828352.0,"00002-3-(isometric art style_1.3),building, white background,.png",Isometric (1).jpg
41,8675708928.0,"00002-3-(isometric art style_1.3),building, white background,.png",Isometric (10).jpg
42,10043327488.0,"00002-3-(isometric art style_1.3),building, white background,.png",Isometric (11).jpg
43,6805649920.0,"00002-3-(isometric art style_1.3),building, white background,.png",Isometric (12).jpg
44,4038647808.0,"00002-3-(isometric art style_1.3),building, white background,.png",Isometric (13).jpg
45,8639517696.0,"00002-3-(isometric art style_1.3),building, white background,.png",Isometric (14).jpg
46,5118277632.0,"00002-3-(isometric art style_1.3),building, white background,.png",Isometric (15).jpg
47,5967697920.0,"00002-3-(isometric art style_1.3),building, white background,.png",Isometric (16).jpg
48,5440236544.0,"00002-3-(isometric art style_1.3),building, white background,.png",Isometric (17).jpg
49,4862612992.0,"00002-3-(isometric art style_1.3),building, white background,.png",Isometric (18).jpg
50,5438618112.0,"00002-3-(isometric art style_1.3),building, white background,.png",Isometric (19).jpg
51,8808701952.0,"00002-3-(isometric art style_1.3),building, white background,.png",Isometric (2).jpg
52,5426613760.0,"00002-3-(isometric art style_1.3),building, white background,.png",Isometric (20).jpg
53,5650926080.0,"00002-3-(isometric art style_1.3),building, white background,.png",Isometric (3).jpg
54,5128540672.0,"00002-3-(isometric art style_1.3),building, white background,.png",Isometric (4).jpg
55,7605523456.0,"00002-3-(isometric art style_1.3),building, white background,.png",Isometric (5).jpg
56,6491401216.0,"00002-3-(isometric art style_1.3),building, white background,.png",Isometric (6).jpg
57,6550973440.0,"00002-3-(isometric art style_1.3),building, white background,.png",Isometric (7).jpg
58,9882020864.0,"00002-3-(isometric art style_1.3),building, white background,.png",Isometric (8).jpg
59,7668563456.0,"00002-3-(isometric art style_1.3),building, white background,.png",Isometric (9).jpg
60,2558573568.0,"00003-4-(isometric art style_1.3),building, white background,.png",Isometric (1).jpg
61,5082660352.0,"00003-4-(isometric art style_1.3),building, white background,.png",Isometric (10).jpg
62,6293394944.0,"00003-4-(isometric art style_1.3),building, white background,.png",Isometric (11).jpg
63,3615737856.0,"00003-4-(isometric art style_1.3),building, white background,.png",Isometric (12).jpg
64,4166193152.0,"00003-4-(isometric art style_1.3),building, white background,.png",Isometric (13).jpg
65,5542381056.0,"00003-4-(isometric art style_1.3),building, white background,.png",Isometric (14).jpg
66,2138278784.0,"00003-4-(isometric art style_1.3),building, white background,.png",Isometric (15).jpg
67,3170399488.0,"00003-4-(isometric art style_1.3),building, white background,.png",Isometric (16).jpg
68,3909816832.0,"00003-4-(isometric art style_1.3),building, white background,.png",Isometric (17).jpg
69,2956345600.0,"00003-4-(isometric art style_1.3),building, white background,.png",Isometric (18).jpg
70,2496423168.0,"00003-4-(isometric art style_1.3),building, white background,.png",Isometric (19).jpg
71,4931326976.0,"00003-4-(isometric art style_1.3),building, white background,.png",Isometric (2).jpg
72,3533840896.0,"00003-4-(isometric art style_1.3),building, white background,.png",Isometric (20).jpg
73,3027631360.0,"00003-4-(isometric art style_1.3),building, white background,.png",Isometric (3).jpg
74,2537707520.0,"00003-4-(isometric art style_1.3),building, white background,.png",Isometric (4).jpg
75,4397551616.0,"00003-4-(isometric art style_1.3),building, white background,.png",Isometric (5).jpg
76,3328323584.0,"00003-4-(isometric art style_1.3),building, white background,.png",Isometric (6).jpg
77,4258859264.0,"00003-4-(isometric art style_1.3),building, white background,.png",Isometric (7).jpg
78,5355745280.0,"00003-4-(isometric art style_1.3),building, white background,.png",Isometric (8).jpg
79,4753858048.0,"00003-4-(isometric art style_1.3),building, white background,.png",Isometric (9).jpg
80,4331082752.0,"00004-5-(isometric art style_1.3),building, white background,.png",Isometric (1).jpg
81,7432626688.0,"00004-5-(isometric art style_1.3),building, white background,.png",Isometric (10).jpg
82,8478575616.0,"00004-5-(isometric art style_1.3),building, white background,.png",Isometric (11).jpg
83,5260161536.0,"00004-5-(isometric art style_1.3),building, white background,.png",Isometric (12).jpg
84,3830773248.0,"00004-5-(isometric art style_1.3),building, white background,.png",Isometric (13).jpg
85,7432577024.0,"00004-5-(isometric art style_1.3),building, white background,.png",Isometric (14).jpg
86,3797115392.0,"00004-5-(isometric art style_1.3),building, white background,.png",Isometric (15).jpg
87,4530553344.0,"00004-5-(isometric art style_1.3),building, white background,.png",Isometric (16).jpg
88,4771784704.0,"00004-5-(isometric art style_1.3),building, white background,.png",Isometric (17).jpg
89,4179919872.0,"00004-5-(isometric art style_1.3),building, white background,.png",Isometric (18).jpg
90,3982895616.0,"00004-5-(isometric art style_1.3),building, white background,.png",Isometric (19).jpg
91,7402918400.0,"00004-5-(isometric art style_1.3),building, white background,.png",Isometric (2).jpg
92,4698465280.0,"00004-5-(isometric art style_1.3),building, white background,.png",Isometric (20).jpg
93,5079179264.0,"00004-5-(isometric art style_1.3),building, white background,.png",Isometric (3).jpg
94,4540108800.0,"00004-5-(isometric art style_1.3),building, white background,.png",Isometric (4).jpg
95,6193054208.0,"00004-5-(isometric art style_1.3),building, white background,.png",Isometric (5).jpg
96,4914359808.0,"00004-5-(isometric art style_1.3),building, white background,.png",Isometric (6).jpg
97,6028104192.0,"00004-5-(isometric art style_1.3),building, white background,.png",Isometric (7).jpg
98,7811305472.0,"00004-5-(isometric art style_1.3),building, white background,.png",Isometric (8).jpg
99,6528219648.0,"00004-5-(isometric art style_1.3),building, white background,.png",Isometric (9).jpg
100,4234507776.0,"00005-6-(isometric art style_1.3),building, white background,.png",Isometric (1).jpg
101,5350360064.0,"00005-6-(isometric art style_1.3),building, white background,.png",Isometric (10).jpg
102,6607661568.0,"00005-6-(isometric art style_1.3),building, white background,.png",Isometric (11).jpg
103,4022318080.0,"00005-6-(isometric art style_1.3),building, white background,.png",Isometric (12).jpg
104,3747344128.0,"00005-6-(isometric art style_1.3),building, white background,.png",Isometric (13).jpg
105,6064054272.0,"00005-6-(isometric art style_1.3),building, white background,.png",Isometric (14).jpg
106,3340759808.0,"00005-6-(isometric art style_1.3),building, white background,.png",Isometric (15).jpg
107,3552578304.0,"00005-6-(isometric art style_1.3),building, white background,.png",Isometric (16).jpg
108,4608173568.0,"00005-6-(isometric art style_1.3),building, white background,.png",Isometric (17).jpg
109,3544260608.0,"00005-6-(isometric art style_1.3),building, white background,.png",Isometric (18).jpg
110,3255901440.0,"00005-6-(isometric art style_1.3),building, white background,.png",Isometric (19).jpg
111,6099363328.0,"00005-6-(isometric art style_1.3),building, white background,.png",Isometric (2).jpg
112,3085485568.0,"00005-6-(isometric art style_1.3),building, white background,.png",Isometric (20).jpg
113,4872853504.0,"00005-6-(isometric art style_1.3),building, white background,.png",Isometric (3).jpg
114,3575137792.0,"00005-6-(isometric art style_1.3),building, white background,.png",Isometric (4).jpg
115,5494671872.0,"00005-6-(isometric art style_1.3),building, white background,.png",Isometric (5).jpg
116,3818398208.0,"00005-6-(isometric art style_1.3),building, white background,.png",Isometric (6).jpg
117,4755728384.0,"00005-6-(isometric art style_1.3),building, white background,.png",Isometric (7).jpg
118,5958836736.0,"00005-6-(isometric art style_1.3),building, white background,.png",Isometric (8).jpg
119,4927734272.0,"00005-6-(isometric art style_1.3),building, white background,.png",Isometric (9).jpg
120,5464203264.0,"00006-7-(isometric art style_1.3),building, white background,.png",Isometric (1).jpg
121,11197621248.0,"00006-7-(isometric art style_1.3),building, white background,.png",Isometric (10).jpg
122,12884938752.0,"00006-7-(isometric art style_1.3),building, white background,.png",Isometric (11).jpg
123,8450156544.0,"00006-7-(isometric art style_1.3),building, white background,.png",Isometric (12).jpg
124,5069983232.0,"00006-7-(isometric art style_1.3),building, white background,.png",Isometric (13).jpg
125,11194992640.0,"00006-7-(isometric art style_1.3),building, white background,.png",Isometric (14).jpg
126,6479007232.0,"00006-7-(isometric art style_1.3),building, white background,.png",Isometric (15).jpg
127,7955165696.0,"00006-7-(isometric art style_1.3),building, white background,.png",Isometric (16).jpg
128,7083279360.0,"00006-7-(isometric art style_1.3),building, white background,.png",Isometric (17).jpg
129,6708553216.0,"00006-7-(isometric art style_1.3),building, white background,.png",Isometric (18).jpg
130,6802297856.0,"00006-7-(isometric art style_1.3),building, white background,.png",Isometric (19).jpg
131,10811119616.0,"00006-7-(isometric art style_1.3),building, white background,.png",Isometric (2).jpg
132,7558172160.0,"00006-7-(isometric art style_1.3),building, white background,.png",Isometric (20).jpg
133,7293471744.0,"00006-7-(isometric art style_1.3),building, white background,.png",Isometric (3).jpg
134,6982000640.0,"00006-7-(isometric art style_1.3),building, white background,.png",Isometric (4).jpg
135,9659211776.0,"00006-7-(isometric art style_1.3),building, white background,.png",Isometric (5).jpg
136,8038609920.0,"00006-7-(isometric art style_1.3),building, white background,.png",Isometric (6).jpg
137,9498157056.0,"00006-7-(isometric art style_1.3),building, white background,.png",Isometric (7).jpg
138,11917716480.0,"00006-7-(isometric art style_1.3),building, white background,.png",Isometric (8).jpg
139,9913459712.0,"00006-7-(isometric art style_1.3),building, white background,.png",Isometric (9).jpg
140,4846086656.0,"00007-8-(isometric art style_1.3),building, white background,.png",Isometric (1).jpg
141,4879736832.0,"00007-8-(isometric art style_1.3),building, white background,.png",Isometric (10).jpg
142,5655982592.0,"00007-8-(isometric art style_1.3),building, white background,.png",Isometric (11).jpg
143,3363602432.0,"00007-8-(isometric art style_1.3),building, white background,.png",Isometric (12).jpg
144,4837168128.0,"00007-8-(isometric art style_1.3),building, white background,.png",Isometric (13).jpg
145,5197582848.0,"00007-8-(isometric art style_1.3),building, white background,.png",Isometric (14).jpg
146,2242694912.0,"00007-8-(isometric art style_1.3),building, white background,.png",Isometric (15).jpg
147,3342021632.0,"00007-8-(isometric art style_1.3),building, white background,.png",Isometric (16).jpg
148,5552820224.0,"00007-8-(isometric art style_1.3),building, white background,.png",Isometric (17).jpg
149,4325775360.0,"00007-8-(isometric art style_1.3),building, white background,.png",Isometric (18).jpg
150,2300546560.0,"00007-8-(isometric art style_1.3),building, white background,.png",Isometric (19).jpg
151,4982546432.0,"00007-8-(isometric art style_1.3),building, white background,.png",Isometric (2).jpg
152,3759143936.0,"00007-8-(isometric art style_1.3),building, white background,.png",Isometric (20).jpg
153,3645337088.0,"00007-8-(isometric art style_1.3),building, white background,.png",Isometric (3).jpg
154,3366236416.0,"00007-8-(isometric art style_1.3),building, white background,.png",Isometric (4).jpg
155,3947385856.0,"00007-8-(isometric art style_1.3),building, white background,.png",Isometric (5).jpg
156,3799714560.0,"00007-8-(isometric art style_1.3),building, white background,.png",Isometric (6).jpg
157,4878249472.0,"00007-8-(isometric art style_1.3),building, white background,.png",Isometric (7).jpg
158,4836876288.0,"00007-8-(isometric art style_1.3),building, white background,.png",Isometric (8).jpg
159,4910204416.0,"00007-8-(isometric art style_1.3),building, white background,.png",Isometric (9).jpg
160,4796191744.0,"00008-9-(isometric art style_1.3),building, white background,.png",Isometric (1).jpg
161,2379851264.0,"00008-9-(isometric art style_1.3),building, white background,.png",Isometric (10).jpg
162,3066954752.0,"00008-9-(isometric art style_1.3),building, white background,.png",Isometric (11).jpg
163,1648919040.0,"00008-9-(isometric art style_1.3),building, white background,.png",Isometric (12).jpg
164,2979127040.0,"00008-9-(isometric art style_1.3),building, white background,.png",Isometric (13).jpg
165,2761620736.0,"00008-9-(isometric art style_1.3),building, white background,.png",Isometric (14).jpg
166,2128713088.0,"00008-9-(isometric art style_1.3),building, white background,.png",Isometric (15).jpg
167,1837368064.0,"00008-9-(isometric art style_1.3),building, white background,.png",Isometric (16).jpg
168,4487614464.0,"00008-9-(isometric art style_1.3),building, white background,.png",Isometric (17).jpg
169,2976435712.0,"00008-9-(isometric art style_1.3),building, white background,.png",Isometric (18).jpg
170,1714763520.0,"00008-9-(isometric art style_1.3),building, white background,.png",Isometric (19).jpg
171,3632557824.0,"00008-9-(isometric art style_1.3),building, white background,.png",Isometric (2).jpg
172,1576825728.0,"00008-9-(isometric art style_1.3),building, white background,.png",Isometric (20).jpg
173,2676204032.0,"00008-9-(isometric art style_1.3),building, white background,.png",Isometric (3).jpg
174,1974461824.0,"00008-9-(isometric art style_1.3),building, white background,.png",Isometric (4).jpg
175,2751977984.0,"00008-9-(isometric art style_1.3),building, white background,.png",Isometric (5).jpg
176,2672314880.0,"00008-9-(isometric art style_1.3),building, white background,.png",Isometric (6).jpg
177,2763547648.0,"00008-9-(isometric art style_1.3),building, white background,.png",Isometric (7).jpg
178,3623528448.0,"00008-9-(isometric art style_1.3),building, white background,.png",Isometric (8).jpg
179,2279092992.0,"00008-9-(isometric art style_1.3),building, white background,.png",Isometric (9).jpg
180,3837555712.0,"00009-10-(isometric art style_1.3),building, white background,.png",Isometric (1).jpg
181,5420550144.0,"00009-10-(isometric art style_1.3),building, white background,.png",Isometric (10).jpg
182,6820264960.0,"00009-10-(isometric art style_1.3),building, white background,.png",Isometric (11).jpg
183,3969250304.0,"00009-10-(isometric art style_1.3),building, white background,.png",Isometric (12).jpg
184,3726296832.0,"00009-10-(isometric art style_1.3),building, white background,.png",Isometric (13).jpg
185,6336279040.0,"00009-10-(isometric art style_1.3),building, white background,.png",Isometric (14).jpg
186,2675702272.0,"00009-10-(isometric art style_1.3),building, white background,.png",Isometric (15).jpg
187,3278488832.0,"00009-10-(isometric art style_1.3),building, white background,.png",Isometric (16).jpg
188,4696725504.0,"00009-10-(isometric art style_1.3),building, white background,.png",Isometric (17).jpg
189,3674917632.0,"00009-10-(isometric art style_1.3),building, white background,.png",Isometric (18).jpg
190,2608340224.0,"00009-10-(isometric art style_1.3),building, white background,.png",Isometric (19).jpg
191,5910490112.0,"00009-10-(isometric art style_1.3),building, white background,.png",Isometric (2).jpg
192,3116749568.0,"00009-10-(isometric art style_1.3),building, white background,.png",Isometric (20).jpg
193,4677927424.0,"00009-10-(isometric art style_1.3),building, white background,.png",Isometric (3).jpg
194,3557500160.0,"00009-10-(isometric art style_1.3),building, white background,.png",Isometric (4).jpg
195,5507613696.0,"00009-10-(isometric art style_1.3),building, white background,.png",Isometric (5).jpg
196,3640928000.0,"00009-10-(isometric art style_1.3),building, white background,.png",Isometric (6).jpg
197,4881389568.0,"00009-10-(isometric art style_1.3),building, white background,.png",Isometric (7).jpg
198,5667924480.0,"00009-10-(isometric art style_1.3),building, white background,.png",Isometric (8).jpg
199,5049762304.0,"00009-10-(isometric art style_1.3),building, white background,.png",Isometric (9).jpg
200,3361515008.0,"00010-11-(isometric art style_1.3),building, white background,.png",Isometric (1).jpg
201,5742980096.0,"00010-11-(isometric art style_1.3),building, white background,.png",Isometric (10).jpg
202,6970863104.0,"00010-11-(isometric art style_1.3),building, white background,.png",Isometric (11).jpg
203,4121681408.0,"00010-11-(isometric art style_1.3),building, white background,.png",Isometric (12).jpg
204,2742336256.0,"00010-11-(isometric art style_1.3),building, white background,.png",Isometric (13).jpg
205,5942110720.0,"00010-11-(isometric art style_1.3),building, white background,.png",Isometric (14).jpg
206,2767497984.0,"00010-11-(isometric art style_1.3),building, white background,.png",Isometric (15).jpg
207,3440287744.0,"00010-11-(isometric art style_1.3),building, white background,.png",Isometric (16).jpg
208,3844066048.0,"00010-11-(isometric art style_1.3),building, white background,.png",Isometric (17).jpg
209,3147203328.0,"00010-11-(isometric art style_1.3),building, white background,.png",Isometric (18).jpg
210,3015946240.0,"00010-11-(isometric art style_1.3),building, white background,.png",Isometric (19).jpg
211,5907152896.0,"00010-11-(isometric art style_1.3),building, white background,.png",Isometric (2).jpg
212,3201515008.0,"00010-11-(isometric art style_1.3),building, white background,.png",Isometric (20).jpg
213,3885131776.0,"00010-11-(isometric art style_1.3),building, white background,.png",Isometric (3).jpg
214,3138254080.0,"00010-11-(isometric art style_1.3),building, white background,.png",Isometric (4).jpg
215,5201875968.0,"00010-11-(isometric art style_1.3),building, white background,.png",Isometric (5).jpg
216,3693481472.0,"00010-11-(isometric art style_1.3),building, white background,.png",Isometric (6).jpg
217,4729299456.0,"00010-11-(isometric art style_1.3),building, white background,.png",Isometric (7).jpg
218,6358681088.0,"00010-11-(isometric art style_1.3),building, white background,.png",Isometric (8).jpg
219,4846674432.0,"00010-11-(isometric art style_1.3),building, white background,.png",Isometric (9).jpg
220,4252092672.0,"00011-12-(isometric art style_1.3),building, white background,.png",Isometric (1).jpg
221,5666097152.0,"00011-12-(isometric art style_1.3),building, white background,.png",Isometric (10).jpg
222,6689697280.0,"00011-12-(isometric art style_1.3),building, white background,.png",Isometric (11).jpg
223,3947962880.0,"00011-12-(isometric art style_1.3),building, white background,.png",Isometric (12).jpg
224,2950835200.0,"00011-12-(isometric art style_1.3),building, white background,.png",Isometric (13).jpg
225,5768166400.0,"00011-12-(isometric art style_1.3),building, white background,.png",Isometric (14).jpg
226,3016886272.0,"00011-12-(isometric art style_1.3),building, white background,.png",Isometric (15).jpg
227,3624240384.0,"00011-12-(isometric art style_1.3),building, white background,.png",Isometric (16).jpg
228,4814404096.0,"00011-12-(isometric art style_1.3),building, white background,.png",Isometric (17).jpg
229,3767407872.0,"00011-12-(isometric art style_1.3),building, white background,.png",Isometric (18).jpg
230,2991566336.0,"00011-12-(isometric art style_1.3),building, white background,.png",Isometric (19).jpg
231,5904023552.0,"00011-12-(isometric art style_1.3),building, white background,.png",Isometric (2).jpg
232,3524753920.0,"00011-12-(isometric art style_1.3),building, white background,.png",Isometric (20).jpg
233,4249833472.0,"00011-12-(isometric art style_1.3),building, white background,.png",Isometric (3).jpg
234,3324148224.0,"00011-12-(isometric art style_1.3),building, white background,.png",Isometric (4).jpg
235,5122421248.0,"00011-12-(isometric art style_1.3),building, white background,.png",Isometric (5).jpg
236,3921465856.0,"00011-12-(isometric art style_1.3),building, white background,.png",Isometric (6).jpg
237,4749981184.0,"00011-12-(isometric art style_1.3),building, white background,.png",Isometric (7).jpg
238,6336924160.0,"00011-12-(isometric art style_1.3),building, white background,.png",Isometric (8).jpg
239,4996626944.0,"00011-12-(isometric art style_1.3),building, white background,.png",Isometric (9).jpg
240,3714672640.0,"00012-13-(isometric art style_1.3),building, white background,.png",Isometric (1).jpg
241,6566722560.0,"00012-13-(isometric art style_1.3),building, white background,.png",Isometric (10).jpg
242,7692879872.0,"00012-13-(isometric art style_1.3),building, white background,.png",Isometric (11).jpg
243,4669298176.0,"00012-13-(isometric art style_1.3),building, white background,.png",Isometric (12).jpg
244,3897978624.0,"00012-13-(isometric art style_1.3),building, white background,.png",Isometric (13).jpg
245,6496242688.0,"00012-13-(isometric art style_1.3),building, white background,.png",Isometric (14).jpg
246,2896238592.0,"00012-13-(isometric art style_1.3),building, white background,.png",Isometric (15).jpg
247,4199055872.0,"00012-13-(isometric art style_1.3),building, white background,.png",Isometric (16).jpg
248,4727093248.0,"00012-13-(isometric art style_1.3),building, white background,.png",Isometric (17).jpg
249,3915897600.0,"00012-13-(isometric art style_1.3),building, white background,.png",Isometric (18).jpg
250,3304971520.0,"00012-13-(isometric art style_1.3),building, white background,.png",Isometric (19).jpg
251,6140150784.0,"00012-13-(isometric art style_1.3),building, white background,.png",Isometric (2).jpg
252,4200398848.0,"00012-13-(isometric art style_1.3),building, white background,.png",Isometric (20).jpg
253,3691943424.0,"00012-13-(isometric art style_1.3),building, white background,.png",Isometric (3).jpg
254,3668254976.0,"00012-13-(isometric art style_1.3),building, white background,.png",Isometric (4).jpg
255,5244986368.0,"00012-13-(isometric art style_1.3),building, white background,.png",Isometric (5).jpg
256,4620467712.0,"00012-13-(isometric art style_1.3),building, white background,.png",Isometric (6).jpg
257,5511769088.0,"00012-13-(isometric art style_1.3),building, white background,.png",Isometric (7).jpg
258,6978350080.0,"00012-13-(isometric art style_1.3),building, white background,.png",Isometric (8).jpg
259,5901368320.0,"00012-13-(isometric art style_1.3),building, white background,.png",Isometric (9).jpg
260,4739302912.0,"00013-14-(isometric art style_1.3),building, white background,.png",Isometric (1).jpg
261,9513886720.0,"00013-14-(isometric art style_1.3),building, white background,.png",Isometric (10).jpg
262,11599351808.0,"00013-14-(isometric art style_1.3),building, white background,.png",Isometric (11).jpg
263,7707231744.0,"00013-14-(isometric art style_1.3),building, white background,.png",Isometric (12).jpg
264,5948528128.0,"00013-14-(isometric art style_1.3),building, white background,.png",Isometric (13).jpg
265,10688286720.0,"00013-14-(isometric art style_1.3),building, white background,.png",Isometric (14).jpg
266,5526552576.0,"00013-14-(isometric art style_1.3),building, white background,.png",Isometric (15).jpg
267,7266349056.0,"00013-14-(isometric art style_1.3),building, white background,.png",Isometric (16).jpg
268,7343886336.0,"00013-14-(isometric art style_1.3),building, white background,.png",Isometric (17).jpg
269,6705904640.0,"00013-14-(isometric art style_1.3),building, white background,.png",Isometric (18).jpg
270,5790615040.0,"00013-14-(isometric art style_1.3),building, white background,.png",Isometric (19).jpg
271,9092006912.0,"00013-14-(isometric art style_1.3),building, white background,.png",Isometric (2).jpg
272,6784830464.0,"00013-14-(isometric art style_1.3),building, white background,.png",Isometric (20).jpg
273,6790290432.0,"00013-14-(isometric art style_1.3),building, white background,.png",Isometric (3).jpg
274,5849786368.0,"00013-14-(isometric art style_1.3),building, white background,.png",Isometric (4).jpg
275,9376502784.0,"00013-14-(isometric art style_1.3),building, white background,.png",Isometric (5).jpg
276,7008678400.0,"00013-14-(isometric art style_1.3),building, white background,.png",Isometric (6).jpg
277,8362405888.0,"00013-14-(isometric art style_1.3),building, white background,.png",Isometric (7).jpg
278,9941965824.0,"00013-14-(isometric art style_1.3),building, white background,.png",Isometric (8).jpg
279,9128429568.0,"00013-14-(isometric art style_1.3),building, white background,.png",Isometric (9).jpg
280,2595396352.0,"00014-15-(isometric art style_1.3),building, white background,.png",Isometric (1).jpg
281,6271369216.0,"00014-15-(isometric art style_1.3),building, white background,.png",Isometric (10).jpg
282,7746880512.0,"00014-15-(isometric art style_1.3),building, white background,.png",Isometric (11).jpg
283,4812448256.0,"00014-15-(isometric art style_1.3),building, white background,.png",Isometric (12).jpg
284,3877817856.0,"00014-15-(isometric art style_1.3),building, white background,.png",Isometric (13).jpg
285,6668826624.0,"00014-15-(isometric art style_1.3),building, white background,.png",Isometric (14).jpg
286,3170353152.0,"00014-15-(isometric art style_1.3),building, white background,.png",Isometric (15).jpg
287,3990708480.0,"00014-15-(isometric art style_1.3),building, white background,.png",Isometric (16).jpg
288,3599290880.0,"00014-15-(isometric art style_1.3),building, white background,.png",Isometric (17).jpg
289,3018075136.0,"00014-15-(isometric art style_1.3),building, white background,.png",Isometric (18).jpg
290,3645252864.0,"00014-15-(isometric art style_1.3),building, white background,.png",Isometric (19).jpg
291,6123998208.0,"00014-15-(isometric art style_1.3),building, white background,.png",Isometric (2).jpg
292,3933101056.0,"00014-15-(isometric art style_1.3),building, white background,.png",Isometric (20).jpg
293,3730481920.0,"00014-15-(isometric art style_1.3),building, white background,.png",Isometric (3).jpg
294,3233658624.0,"00014-15-(isometric art style_1.3),building, white background,.png",Isometric (4).jpg
295,5688282112.0,"00014-15-(isometric art style_1.3),building, white background,.png",Isometric (5).jpg
296,4119861760.0,"00014-15-(isometric art style_1.3),building, white background,.png",Isometric (6).jpg
297,5043828736.0,"00014-15-(isometric art style_1.3),building, white background,.png",Isometric (7).jpg
298,6496509440.0,"00014-15-(isometric art style_1.3),building, white background,.png",Isometric (8).jpg
299,5431279616.0,"00014-15-(isometric art style_1.3),building, white background,.png",Isometric (9).jpg
300,3694364928.0,"00015-16-(isometric art style_1.3),building, white background,.png",Isometric (1).jpg
301,4984320000.0,"00015-16-(isometric art style_1.3),building, white background,.png",Isometric (10).jpg
302,6051131392.0,"00015-16-(isometric art style_1.3),building, white background,.png",Isometric (11).jpg
303,3820128256.0,"00015-16-(isometric art style_1.3),building, white background,.png",Isometric (12).jpg
304,4454034944.0,"00015-16-(isometric art style_1.3),building, white background,.png",Isometric (13).jpg
305,5529923584.0,"00015-16-(isometric art style_1.3),building, white background,.png",Isometric (14).jpg
306,2240964096.0,"00015-16-(isometric art style_1.3),building, white background,.png",Isometric (15).jpg
307,3147664640.0,"00015-16-(isometric art style_1.3),building, white background,.png",Isometric (16).jpg
308,4620261888.0,"00015-16-(isometric art style_1.3),building, white background,.png",Isometric (17).jpg
309,3543546368.0,"00015-16-(isometric art style_1.3),building, white background,.png",Isometric (18).jpg
310,2418161664.0,"00015-16-(isometric art style_1.3),building, white background,.png",Isometric (19).jpg
311,5057774080.0,"00015-16-(isometric art style_1.3),building, white background,.png",Isometric (2).jpg
312,3441692416.0,"00015-16-(isometric art style_1.3),building, white background,.png",Isometric (20).jpg
313,3865914112.0,"00015-16-(isometric art style_1.3),building, white background,.png",Isometric (3).jpg
314,3020967936.0,"00015-16-(isometric art style_1.3),building, white background,.png",Isometric (4).jpg
315,4755719680.0,"00015-16-(isometric art style_1.3),building, white background,.png",Isometric (5).jpg
316,3439863040.0,"00015-16-(isometric art style_1.3),building, white background,.png",Isometric (6).jpg
317,4377007616.0,"00015-16-(isometric art style_1.3),building, white background,.png",Isometric (7).jpg
318,4934269440.0,"00015-16-(isometric art style_1.3),building, white background,.png",Isometric (8).jpg
319,4716790272.0,"00015-16-(isometric art style_1.3),building, white background,.png",Isometric (9).jpg
320,3103281664.0,"00016-17-(isometric art style_1.3),building, white background,.png",Isometric (1).jpg
321,4699389440.0,"00016-17-(isometric art style_1.3),building, white background,.png",Isometric (10).jpg
322,5849116672.0,"00016-17-(isometric art style_1.3),building, white background,.png",Isometric (11).jpg
323,3239177728.0,"00016-17-(isometric art style_1.3),building, white background,.png",Isometric (12).jpg
324,2661872384.0,"00016-17-(isometric art style_1.3),building, white background,.png",Isometric (13).jpg
325,5201182208.0,"00016-17-(isometric art style_1.3),building, white background,.png",Isometric (14).jpg
326,2137064832.0,"00016-17-(isometric art style_1.3),building, white background,.png",Isometric (15).jpg
327,2405003008.0,"00016-17-(isometric art style_1.3),building, white background,.png",Isometric (16).jpg
328,3404865792.0,"00016-17-(isometric art style_1.3),building, white background,.png",Isometric (17).jpg
329,2624653824.0,"00016-17-(isometric art style_1.3),building, white background,.png",Isometric (18).jpg
330,2052260352.0,"00016-17-(isometric art style_1.3),building, white background,.png",Isometric (19).jpg
331,4948625408.0,"00016-17-(isometric art style_1.3),building, white background,.png",Isometric (2).jpg
332,2634795520.0,"00016-17-(isometric art style_1.3),building, white background,.png",Isometric (20).jpg
333,4150091520.0,"00016-17-(isometric art style_1.3),building, white background,.png",Isometric (3).jpg
334,2833992192.0,"00016-17-(isometric art style_1.3),building, white background,.png",Isometric (4).jpg
335,4918885888.0,"00016-17-(isometric art style_1.3),building, white background,.png",Isometric (5).jpg
336,2478522368.0,"00016-17-(isometric art style_1.3),building, white background,.png",Isometric (6).jpg
337,3854870016.0,"00016-17-(isometric art style_1.3),building, white background,.png",Isometric (7).jpg
338,4507172352.0,"00016-17-(isometric art style_1.3),building, white background,.png",Isometric (8).jpg
339,3697121024.0,"00016-17-(isometric art style_1.3),building, white background,.png",Isometric (9).jpg
340,3509488640.0,"00017-18-(isometric art style_1.3),building, white background,.png",Isometric (1).jpg
341,7090571776.0,"00017-18-(isometric art style_1.3),building, white background,.png",Isometric (10).jpg
342,8026010624.0,"00017-18-(isometric art style_1.3),building, white background,.png",Isometric (11).jpg
343,4868920832.0,"00017-18-(isometric art style_1.3),building, white background,.png",Isometric (12).jpg
344,4028771328.0,"00017-18-(isometric art style_1.3),building, white background,.png",Isometric (13).jpg
345,6884665344.0,"00017-18-(isometric art style_1.3),building, white background,.png",Isometric (14).jpg
346,3265464832.0,"00017-18-(isometric art style_1.3),building, white background,.png",Isometric (15).jpg
347,4368795136.0,"00017-18-(isometric art style_1.3),building, white background,.png",Isometric (16).jpg
348,4433847296.0,"00017-18-(isometric art style_1.3),building, white background,.png",Isometric (17).jpg
349,3652928512.0,"00017-18-(isometric art style_1.3),building, white background,.png",Isometric (18).jpg
350,3634217472.0,"00017-18-(isometric art style_1.3),building, white background,.png",Isometric (19).jpg
351,6874441216.0,"00017-18-(isometric art style_1.3),building, white background,.png",Isometric (2).jpg
352,4737604096.0,"00017-18-(isometric art style_1.3),building, white background,.png",Isometric (20).jpg
353,4359726080.0,"00017-18-(isometric art style_1.3),building, white background,.png",Isometric (3).jpg
354,4010522368.0,"00017-18-(isometric art style_1.3),building, white background,.png",Isometric (4).jpg
355,5831482880.0,"00017-18-(isometric art style_1.3),building, white background,.png",Isometric (5).jpg
356,4373513216.0,"00017-18-(isometric art style_1.3),building, white background,.png",Isometric (6).jpg
357,5511926272.0,"00017-18-(isometric art style_1.3),building, white background,.png",Isometric (7).jpg
358,6995558400.0,"00017-18-(isometric art style_1.3),building, white background,.png",Isometric (8).jpg
359,6086006272.0,"00017-18-(isometric art style_1.3),building, white background,.png",Isometric (9).jpg
360,4239428096.0,"00018-19-(isometric art style_1.3),building, white background,.png",Isometric (1).jpg
361,3979587584.0,"00018-19-(isometric art style_1.3),building, white background,.png",Isometric (10).jpg
362,4735012864.0,"00018-19-(isometric art style_1.3),building, white background,.png",Isometric (11).jpg
363,2180558336.0,"00018-19-(isometric art style_1.3),building, white background,.png",Isometric (12).jpg
364,2733938688.0,"00018-19-(isometric art style_1.3),building, white background,.png",Isometric (13).jpg
365,4224421888.0,"00018-19-(isometric art style_1.3),building, white background,.png",Isometric (14).jpg
366,2294457344.0,"00018-19-(isometric art style_1.3),building, white background,.png",Isometric (15).jpg
367,1890653952.0,"00018-19-(isometric art style_1.3),building, white background,.png",Isometric (16).jpg
368,3712581632.0,"00018-19-(isometric art style_1.3),building, white background,.png",Isometric (17).jpg
369,2429160448.0,"00018-19-(isometric art style_1.3),building, white background,.png",Isometric (18).jpg
370,2051921920.0,"00018-19-(isometric art style_1.3),building, white background,.png",Isometric (19).jpg
371,4629188096.0,"00018-19-(isometric art style_1.3),building, white background,.png",Isometric (2).jpg
372,2040422400.0,"00018-19-(isometric art style_1.3),building, white background,.png",Isometric (20).jpg
373,4052914176.0,"00018-19-(isometric art style_1.3),building, white background,.png",Isometric (3).jpg
374,3012871680.0,"00018-19-(isometric art style_1.3),building, white background,.png",Isometric (4).jpg
375,3847007744.0,"00018-19-(isometric art style_1.3),building, white background,.png",Isometric (5).jpg
376,2350198528.0,"00018-19-(isometric art style_1.3),building, white background,.png",Isometric (6).jpg
377,3857548800.0,"00018-19-(isometric art style_1.3),building, white background,.png",Isometric (7).jpg
378,4267614720.0,"00018-19-(isometric art style_1.3),building, white background,.png",Isometric (8).jpg
379,3351580928.0,"00018-19-(isometric art style_1.3),building, white background,.png",Isometric (9).jpg
380,5436080128.0,"00019-20-(isometric art style_1.3),building, white background,.png",Isometric (1).jpg
381,4786182144.0,"00019-20-(isometric art style_1.3),building, white background,.png",Isometric (10).jpg
382,5594733056.0,"00019-20-(isometric art style_1.3),building, white background,.png",Isometric (11).jpg
383,3398620160.0,"00019-20-(isometric art style_1.3),building, white background,.png",Isometric (12).jpg
384,3660454144.0,"00019-20-(isometric art style_1.3),building, white background,.png",Isometric (13).jpg
385,5025990144.0,"00019-20-(isometric art style_1.3),building, white background,.png",Isometric (14).jpg
386,2602618624.0,"00019-20-(isometric art style_1.3),building, white background,.png",Isometric (15).jpg
387,2920228864.0,"00019-20-(isometric art style_1.3),building, white background,.png",Isometric (16).jpg
388,5163831808.0,"00019-20-(isometric art style_1.3),building, white background,.png",Isometric (17).jpg
389,4019693056.0,"00019-20-(isometric art style_1.3),building, white background,.png",Isometric (18).jpg
390,2346725888.0,"00019-20-(isometric art style_1.3),building, white background,.png",Isometric (19).jpg
391,5068944896.0,"00019-20-(isometric art style_1.3),building, white background,.png",Isometric (2).jpg
392,2897417728.0,"00019-20-(isometric art style_1.3),building, white background,.png",Isometric (20).jpg
393,4569822208.0,"00019-20-(isometric art style_1.3),building, white background,.png",Isometric (3).jpg
394,3760288512.0,"00019-20-(isometric art style_1.3),building, white background,.png",Isometric (4).jpg
395,4603886592.0,"00019-20-(isometric art style_1.3),building, white background,.png",Isometric (5).jpg
396,3728306176.0,"00019-20-(isometric art style_1.3),building, white background,.png",Isometric (6).jpg
397,4705932288.0,"00019-20-(isometric art style_1.3),building, white background,.png",Isometric (7).jpg
398,4877504000.0,"00019-20-(isometric art style_1.3),building, white background,.png",Isometric (8).jpg
399,4307152384.0,"00019-20-(isometric art style_1.3),building, white background,.png",Isometric (9).jpg
400,4317968384.0,"00020-21-(isometric art style_1.3),building, white background,.png",Isometric (1).jpg
401,2286035456.0,"00020-21-(isometric art style_1.3),building, white background,.png",Isometric (10).jpg
402,3019458048.0,"00020-21-(isometric art style_1.3),building, white background,.png",Isometric (11).jpg
403,1427759616.0,"00020-21-(isometric art style_1.3),building, white background,.png",Isometric (12).jpg
404,3228346624.0,"00020-21-(isometric art style_1.3),building, white background,.png",Isometric (13).jpg
405,2695895040.0,"00020-21-(isometric art style_1.3),building, white background,.png",Isometric (14).jpg
406,1267012352.0,"00020-21-(isometric art style_1.3),building, white background,.png",Isometric (15).jpg
407,1240770048.0,"00020-21-(isometric art style_1.3),building, white background,.png",Isometric (16).jpg
408,3937704960.0,"00020-21-(isometric art style_1.3),building, white background,.png",Isometric (17).jpg
409,2734877440.0,"00020-21-(isometric art style_1.3),building, white background,.png",Isometric (18).jpg
410,962618688.0,"00020-21-(isometric art style_1.3),building, white background,.png",Isometric (19).jpg
411,2754804224.0,"00020-21-(isometric art style_1.3),building, white background,.png",Isometric (2).jpg
412,1494416000.0,"00020-21-(isometric art style_1.3),building, white background,.png",Isometric (20).jpg
413,2512867840.0,"00020-21-(isometric art style_1.3),building, white background,.png",Isometric (3).jpg
414,1818290816.0,"00020-21-(isometric art style_1.3),building, white background,.png",Isometric (4).jpg
415,2368763392.0,"00020-21-(isometric art style_1.3),building, white background,.png",Isometric (5).jpg
416,2228119040.0,"00020-21-(isometric art style_1.3),building, white background,.png",Isometric (6).jpg
417,3073804288.0,"00020-21-(isometric art style_1.3),building, white background,.png",Isometric (7).jpg
418,2817398272.0,"00020-21-(isometric art style_1.3),building, white background,.png",Isometric (8).jpg
419,2257133056.0,"00020-21-(isometric art style_1.3),building, white background,.png",Isometric (9).jpg
420,3483244032.0,"00021-22-(isometric art style_1.3),building, white background,.png",Isometric (1).jpg
421,5268572160.0,"00021-22-(isometric art style_1.3),building, white background,.png",Isometric (10).jpg
422,6309287936.0,"00021-22-(isometric art style_1.3),building, white background,.png",Isometric (11).jpg
423,3735113728.0,"00021-22-(isometric art style_1.3),building, white background,.png",Isometric (12).jpg
424,3661115648.0,"00021-22-(isometric art style_1.3),building, white background,.png",Isometric (13).jpg
425,5364620288.0,"00021-22-(isometric art style_1.3),building, white background,.png",Isometric (14).jpg
426,2188288000.0,"00021-22-(isometric art style_1.3),building, white background,.png",Isometric (15).jpg
427,3106583808.0,"00021-22-(isometric art style_1.3),building, white background,.png",Isometric (16).jpg
428,4005707264.0,"00021-22-(isometric art style_1.3),building, white background,.png",Isometric (17).jpg
429,3181875456.0,"00021-22-(isometric art style_1.3),building, white background,.png",Isometric (18).jpg
430,2449595648.0,"00021-22-(isometric art style_1.3),building, white background,.png",Isometric (19).jpg
431,5037077504.0,"00021-22-(isometric art style_1.3),building, white background,.png",Isometric (2).jpg
432,3273221632.0,"00021-22-(isometric art style_1.3),building, white background,.png",Isometric (20).jpg
433,3478113280.0,"00021-22-(isometric art style_1.3),building, white background,.png",Isometric (3).jpg
434,3122615808.0,"00021-22-(isometric art style_1.3),building, white background,.png",Isometric (4).jpg
435,4434955264.0,"00021-22-(isometric art style_1.3),building, white background,.png",Isometric (5).jpg
436,3747011072.0,"00021-22-(isometric art style_1.3),building, white background,.png",Isometric (6).jpg
437,4492852736.0,"00021-22-(isometric art style_1.3),building, white background,.png",Isometric (7).jpg
438,5483814400.0,"00021-22-(isometric art style_1.3),building, white background,.png",Isometric (8).jpg
439,4733881344.0,"00021-22-(isometric art style_1.3),building, white background,.png",Isometric (9).jpg
440,3854252544.0,"00022-23-(isometric art style_1.3),building, white background,.png",Isometric (1).jpg
441,7669621760.0,"00022-23-(isometric art style_1.3),building, white background,.png",Isometric (10).jpg
442,9157553152.0,"00022-23-(isometric art style_1.3),building, white background,.png",Isometric (11).jpg
443,5578491392.0,"00022-23-(isometric art style_1.3),building, white background,.png",Isometric (12).jpg
444,3560572928.0,"00022-23-(isometric art style_1.3),building, white background,.png",Isometric (13).jpg
445,8344145408.0,"00022-23-(isometric art style_1.3),building, white background,.png",Isometric (14).jpg
446,3933393920.0,"00022-23-(isometric art style_1.3),building, white background,.png",Isometric (15).jpg
447,4281116416.0,"00022-23-(isometric art style_1.3),building, white background,.png",Isometric (16).jpg
448,4389637120.0,"00022-23-(isometric art style_1.3),building, white background,.png",Isometric (17).jpg
449,3901193216.0,"00022-23-(isometric art style_1.3),building, white background,.png",Isometric (18).jpg
450,3961019648.0,"00022-23-(isometric art style_1.3),building, white background,.png",Isometric (19).jpg
451,8135154688.0,"00022-23-(isometric art style_1.3),building, white background,.png",Isometric (2).jpg
452,4161139712.0,"00022-23-(isometric art style_1.3),building, white background,.png",Isometric (20).jpg
453,6293054464.0,"00022-23-(isometric art style_1.3),building, white background,.png",Isometric (3).jpg
454,4929389056.0,"00022-23-(isometric art style_1.3),building, white background,.png",Isometric (4).jpg
455,7512861696.0,"00022-23-(isometric art style_1.3),building, white background,.png",Isometric (5).jpg
456,4412300800.0,"00022-23-(isometric art style_1.3),building, white background,.png",Isometric (6).jpg
457,5838270976.0,"00022-23-(isometric art style_1.3),building, white background,.png",Isometric (7).jpg
458,7834787840.0,"00022-23-(isometric art style_1.3),building, white background,.png",Isometric (8).jpg
459,6604439552.0,"00022-23-(isometric art style_1.3),building, white background,.png",Isometric (9).jpg
460,4208464896.0,"00023-24-(isometric art style_1.3),building, white background,.png",Isometric (1).jpg
461,5622891008.0,"00023-24-(isometric art style_1.3),building, white background,.png",Isometric (10).jpg
462,6901458944.0,"00023-24-(isometric art style_1.3),building, white background,.png",Isometric (11).jpg
463,3789578240.0,"00023-24-(isometric art style_1.3),building, white background,.png",Isometric (12).jpg
464,2880305664.0,"00023-24-(isometric art style_1.3),building, white background,.png",Isometric (13).jpg
465,6316876800.0,"00023-24-(isometric art style_1.3),building, white background,.png",Isometric (14).jpg
466,3058762752.0,"00023-24-(isometric art style_1.3),building, white background,.png",Isometric (15).jpg
467,3153782272.0,"00023-24-(isometric art style_1.3),building, white background,.png",Isometric (16).jpg
468,4576553984.0,"00023-24-(isometric art style_1.3),building, white background,.png",Isometric (17).jpg
469,3688477696.0,"00023-24-(isometric art style_1.3),building, white background,.png",Isometric (18).jpg
470,2624578560.0,"00023-24-(isometric art style_1.3),building, white background,.png",Isometric (19).jpg
471,6285178880.0,"00023-24-(isometric art style_1.3),building, white background,.png",Isometric (2).jpg
472,3110381312.0,"00023-24-(isometric art style_1.3),building, white background,.png",Isometric (20).jpg
473,5380686848.0,"00023-24-(isometric art style_1.3),building, white background,.png",Isometric (3).jpg
474,3878596608.0,"00023-24-(isometric art style_1.3),building, white background,.png",Isometric (4).jpg
475,5959563264.0,"00023-24-(isometric art style_1.3),building, white background,.png",Isometric (5).jpg
476,3454665216.0,"00023-24-(isometric art style_1.3),building, white background,.png",Isometric (6).jpg
477,4884563968.0,"00023-24-(isometric art style_1.3),building, white background,.png",Isometric (7).jpg
478,5714166272.0,"00023-24-(isometric art style_1.3),building, white background,.png",Isometric (8).jpg
479,4648958976.0,"00023-24-(isometric art style_1.3),building, white background,.png",Isometric (9).jpg
480,3677085184.0,"00024-25-(isometric art style_1.3),building, white background,.png",Isometric (1).jpg
481,6637052928.0,"00024-25-(isometric art style_1.3),building, white background,.png",Isometric (10).jpg
482,8052046848.0,"00024-25-(isometric art style_1.3),building, white background,.png",Isometric (11).jpg
483,4868631552.0,"00024-25-(isometric art style_1.3),building, white background,.png",Isometric (12).jpg
484,3288721920.0,"00024-25-(isometric art style_1.3),building, white background,.png",Isometric (13).jpg
485,7219223552.0,"00024-25-(isometric art style_1.3),building, white background,.png",Isometric (14).jpg
486,3406445312.0,"00024-25-(isometric art style_1.3),building, white background,.png",Isometric (15).jpg
487,3624814080.0,"00024-25-(isometric art style_1.3),building, white background,.png",Isometric (16).jpg
488,3939553280.0,"00024-25-(isometric art style_1.3),building, white background,.png",Isometric (17).jpg
489,3441671168.0,"00024-25-(isometric art style_1.3),building, white background,.png",Isometric (18).jpg
490,3346917888.0,"00024-25-(isometric art style_1.3),building, white background,.png",Isometric (19).jpg
491,7105602048.0,"00024-25-(isometric art style_1.3),building, white background,.png",Isometric (2).jpg
492,3568566784.0,"00024-25-(isometric art style_1.3),building, white background,.png",Isometric (20).jpg
493,5887738880.0,"00024-25-(isometric art style_1.3),building, white background,.png",Isometric (3).jpg
494,4270771712.0,"00024-25-(isometric art style_1.3),building, white background,.png",Isometric (4).jpg
495,6882921472.0,"00024-25-(isometric art style_1.3),building, white background,.png",Isometric (5).jpg
496,3812959488.0,"00024-25-(isometric art style_1.3),building, white background,.png",Isometric (6).jpg
497,5041654784.0,"00024-25-(isometric art style_1.3),building, white background,.png",Isometric (7).jpg
498,6777645568.0,"00024-25-(isometric art style_1.3),building, white background,.png",Isometric (8).jpg
499,5639416832.0,"00024-25-(isometric art style_1.3),building, white background,.png",Isometric (9).jpg
500,3296637184.0,"00025-26-(isometric art style_1.3),building, white background,.png",Isometric (1).jpg
501,5397171712.0,"00025-26-(isometric art style_1.3),building, white background,.png",Isometric (10).jpg
502,6600001024.0,"00025-26-(isometric art style_1.3),building, white background,.png",Isometric (11).jpg
503,3983638272.0,"00025-26-(isometric art style_1.3),building, white background,.png",Isometric (12).jpg
504,4204371200.0,"00025-26-(isometric art style_1.3),building, white background,.png",Isometric (13).jpg
505,5832254976.0,"00025-26-(isometric art style_1.3),building, white background,.png",Isometric (14).jpg
506,2298872320.0,"00025-26-(isometric art style_1.3),building, white background,.png",Isometric (15).jpg
507,3472449536.0,"00025-26-(isometric art style_1.3),building, white background,.png",Isometric (16).jpg
508,4263792128.0,"00025-26-(isometric art style_1.3),building, white background,.png",Isometric (17).jpg
509,3416605952.0,"00025-26-(isometric art style_1.3),building, white background,.png",Isometric (18).jpg
510,2668756480.0,"00025-26-(isometric art style_1.3),building, white background,.png",Isometric (19).jpg
511,5351351808.0,"00025-26-(isometric art style_1.3),building, white background,.png",Isometric (2).jpg
512,3699866112.0,"00025-26-(isometric art style_1.3),building, white background,.png",Isometric (20).jpg
513,4014168064.0,"00025-26-(isometric art style_1.3),building, white background,.png",Isometric (3).jpg
514,3149866496.0,"00025-26-(isometric art style_1.3),building, white background,.png",Isometric (4).jpg
515,4996392960.0,"00025-26-(isometric art style_1.3),building, white background,.png",Isometric (5).jpg
516,3666136064.0,"00025-26-(isometric art style_1.3),building, white background,.png",Isometric (6).jpg
517,4928021504.0,"00025-26-(isometric art style_1.3),building, white background,.png",Isometric (7).jpg
518,5438460928.0,"00025-26-(isometric art style_1.3),building, white background,.png",Isometric (8).jpg
519,5063828480.0,"00025-26-(isometric art style_1.3),building, white background,.png",Isometric (9).jpg
520,5168702464.0,"00026-27-(isometric art style_1.3),building, white background,.png",Isometric (1).jpg
521,4322576896.0,"00026-27-(isometric art style_1.3),building, white background,.png",Isometric (10).jpg
522,5163515904.0,"00026-27-(isometric art style_1.3),building, white background,.png",Isometric (11).jpg
523,2894887936.0,"00026-27-(isometric art style_1.3),building, white background,.png",Isometric (12).jpg
524,3717188608.0,"00026-27-(isometric art style_1.3),building, white background,.png",Isometric (13).jpg
525,4643772416.0,"00026-27-(isometric art style_1.3),building, white background,.png",Isometric (14).jpg
526,2190653440.0,"00026-27-(isometric art style_1.3),building, white background,.png",Isometric (15).jpg
527,2655938304.0,"00026-27-(isometric art style_1.3),building, white background,.png",Isometric (16).jpg
528,5179567104.0,"00026-27-(isometric art style_1.3),building, white background,.png",Isometric (17).jpg
529,3891810816.0,"00026-27-(isometric art style_1.3),building, white background,.png",Isometric (18).jpg
530,1861493504.0,"00026-27-(isometric art style_1.3),building, white background,.png",Isometric (19).jpg
531,4722506240.0,"00026-27-(isometric art style_1.3),building, white background,.png",Isometric (2).jpg
532,2897953536.0,"00026-27-(isometric art style_1.3),building, white background,.png",Isometric (20).jpg
533,4281141760.0,"00026-27-(isometric art style_1.3),building, white background,.png",Isometric (3).jpg
534,3531346688.0,"00026-27-(isometric art style_1.3),building, white background,.png",Isometric (4).jpg
535,4146335232.0,"00026-27-(isometric art style_1.3),building, white background,.png",Isometric (5).jpg
536,3600739072.0,"00026-27-(isometric art style_1.3),building, white background,.png",Isometric (6).jpg
537,4502424064.0,"00026-27-(isometric art style_1.3),building, white background,.png",Isometric (7).jpg
538,4490686464.0,"00026-27-(isometric art style_1.3),building, white background,.png",Isometric (8).jpg
539,4095360256.0,"00026-27-(isometric art style_1.3),building, white background,.png",Isometric (9).jpg
540,5018128384.0,"00027-28-(isometric art style_1.3),building, white background,.png",Isometric (1).jpg
541,4904642560.0,"00027-28-(isometric art style_1.3),building, white background,.png",Isometric (10).jpg
542,5903714304.0,"00027-28-(isometric art style_1.3),building, white background,.png",Isometric (11).jpg
543,3389032960.0,"00027-28-(isometric art style_1.3),building, white background,.png",Isometric (12).jpg
544,3128039680.0,"00027-28-(isometric art style_1.3),building, white background,.png",Isometric (13).jpg
545,5368167424.0,"00027-28-(isometric art style_1.3),building, white background,.png",Isometric (14).jpg
546,2667927552.0,"00027-28-(isometric art style_1.3),building, white background,.png",Isometric (15).jpg
547,2857925376.0,"00027-28-(isometric art style_1.3),building, white background,.png",Isometric (16).jpg
548,4724361216.0,"00027-28-(isometric art style_1.3),building, white background,.png",Isometric (17).jpg
549,3701250816.0,"00027-28-(isometric art style_1.3),building, white background,.png",Isometric (18).jpg
550,2290843392.0,"00027-28-(isometric art style_1.3),building, white background,.png",Isometric (19).jpg
551,5472710656.0,"00027-28-(isometric art style_1.3),building, white background,.png",Isometric (2).jpg
552,2808100864.0,"00027-28-(isometric art style_1.3),building, white background,.png",Isometric (20).jpg
553,4918519296.0,"00027-28-(isometric art style_1.3),building, white background,.png",Isometric (3).jpg
554,3792399360.0,"00027-28-(isometric art style_1.3),building, white background,.png",Isometric (4).jpg
555,5072235008.0,"00027-28-(isometric art style_1.3),building, white background,.png",Isometric (5).jpg
556,3602191872.0,"00027-28-(isometric art style_1.3),building, white background,.png",Isometric (6).jpg
557,4715860480.0,"00027-28-(isometric art style_1.3),building, white background,.png",Isometric (7).jpg
558,5083193344.0,"00027-28-(isometric art style_1.3),building, white background,.png",Isometric (8).jpg
559,4224906752.0,"00027-28-(isometric art style_1.3),building, white background,.png",Isometric (9).jpg
560,4572386304.0,"00028-29-(isometric art style_1.3),building, white background,.png",Isometric (1).jpg
561,2376088576.0,"00028-29-(isometric art style_1.3),building, white background,.png",Isometric (10).jpg
562,2932010496.0,"00028-29-(isometric art style_1.3),building, white background,.png",Isometric (11).jpg
563,1580606720.0,"00028-29-(isometric art style_1.3),building, white background,.png",Isometric (12).jpg
564,3526492672.0,"00028-29-(isometric art style_1.3),building, white background,.png",Isometric (13).jpg
565,2721474816.0,"00028-29-(isometric art style_1.3),building, white background,.png",Isometric (14).jpg
566,1666992768.0,"00028-29-(isometric art style_1.3),building, white background,.png",Isometric (15).jpg
567,1618141184.0,"00028-29-(isometric art style_1.3),building, white background,.png",Isometric (16).jpg
568,4597355520.0,"00028-29-(isometric art style_1.3),building, white background,.png",Isometric (17).jpg
569,2997622272.0,"00028-29-(isometric art style_1.3),building, white background,.png",Isometric (18).jpg
570,1459622144.0,"00028-29-(isometric art style_1.3),building, white background,.png",Isometric (19).jpg
571,3305666048.0,"00028-29-(isometric art style_1.3),building, white background,.png",Isometric (2).jpg
572,1435471488.0,"00028-29-(isometric art style_1.3),building, white background,.png",Isometric (20).jpg
573,2252181504.0,"00028-29-(isometric art style_1.3),building, white background,.png",Isometric (3).jpg
574,1883783936.0,"00028-29-(isometric art style_1.3),building, white background,.png",Isometric (4).jpg
575,2477454848.0,"00028-29-(isometric art style_1.3),building, white background,.png",Isometric (5).jpg
576,2547219456.0,"00028-29-(isometric art style_1.3),building, white background,.png",Isometric (6).jpg
577,2821835008.0,"00028-29-(isometric art style_1.3),building, white background,.png",Isometric (7).jpg
578,3377788928.0,"00028-29-(isometric art style_1.3),building, white background,.png",Isometric (8).jpg
579,2409271040.0,"00028-29-(isometric art style_1.3),building, white background,.png",Isometric (9).jpg
580,3738940672.0,"00029-30-(isometric art style_1.3),building, white background,.png",Isometric (1).jpg
581,6523811840.0,"00029-30-(isometric art style_1.3),building, white background,.png",Isometric (10).jpg
582,7902456320.0,"00029-30-(isometric art style_1.3),building, white background,.png",Isometric (11).jpg
583,4624906240.0,"00029-30-(isometric art style_1.3),building, white background,.png",Isometric (12).jpg
584,3607524096.0,"00029-30-(isometric art style_1.3),building, white background,.png",Isometric (13).jpg
585,7076092928.0,"00029-30-(isometric art style_1.3),building, white background,.png",Isometric (14).jpg
586,3362197760.0,"00029-30-(isometric art style_1.3),building, white background,.png",Isometric (15).jpg
587,4100450560.0,"00029-30-(isometric art style_1.3),building, white background,.png",Isometric (16).jpg
588,4451944448.0,"00029-30-(isometric art style_1.3),building, white background,.png",Isometric (17).jpg
589,3595182592.0,"00029-30-(isometric art style_1.3),building, white background,.png",Isometric (18).jpg
590,3453148928.0,"00029-30-(isometric art style_1.3),building, white background,.png",Isometric (19).jpg
591,6781555712.0,"00029-30-(isometric art style_1.3),building, white background,.png",Isometric (2).jpg
592,3917651200.0,"00029-30-(isometric art style_1.3),building, white background,.png",Isometric (20).jpg
593,5272069120.0,"00029-30-(isometric art style_1.3),building, white background,.png",Isometric (3).jpg
594,4102917632.0,"00029-30-(isometric art style_1.3),building, white background,.png",Isometric (4).jpg
595,6213912064.0,"00029-30-(isometric art style_1.3),building, white background,.png",Isometric (5).jpg
596,4013020928.0,"00029-30-(isometric art style_1.3),building, white background,.png",Isometric (6).jpg
597,5692540928.0,"00029-30-(isometric art style_1.3),building, white background,.png",Isometric (7).jpg
598,6610696192.0,"00029-30-(isometric art style_1.3),building, white background,.png",Isometric (8).jpg
599,5761821184.0,"00029-30-(isometric art style_1.3),building, white background,.png",Isometric (9).jpg
600,4027290624.0,"00030-31-(isometric art style_1.3),building, white background,.png",Isometric (1).jpg
601,6269919232.0,"00030-31-(isometric art style_1.3),building, white background,.png",Isometric (10).jpg
602,7333523456.0,"00030-31-(isometric art style_1.3),building, white background,.png",Isometric (11).jpg
603,4544683520.0,"00030-31-(isometric art style_1.3),building, white background,.png",Isometric (12).jpg
604,4152208640.0,"00030-31-(isometric art style_1.3),building, white background,.png",Isometric (13).jpg
605,6397878272.0,"00030-31-(isometric art style_1.3),building, white background,.png",Isometric (14).jpg
606,2774593024.0,"00030-31-(isometric art style_1.3),building, white background,.png",Isometric (15).jpg
607,3863142656.0,"00030-31-(isometric art style_1.3),building, white background,.png",Isometric (16).jpg
608,4883895296.0,"00030-31-(isometric art style_1.3),building, white background,.png",Isometric (17).jpg
609,4046442240.0,"00030-31-(isometric art style_1.3),building, white background,.png",Isometric (18).jpg
610,3033893888.0,"00030-31-(isometric art style_1.3),building, white background,.png",Isometric (19).jpg
611,6064778752.0,"00030-31-(isometric art style_1.3),building, white background,.png",Isometric (2).jpg
612,4086169856.0,"00030-31-(isometric art style_1.3),building, white background,.png",Isometric (20).jpg
613,4180406272.0,"00030-31-(isometric art style_1.3),building, white background,.png",Isometric (3).jpg
614,3703847168.0,"00030-31-(isometric art style_1.3),building, white background,.png",Isometric (4).jpg
615,5326672384.0,"00030-31-(isometric art style_1.3),building, white background,.png",Isometric (5).jpg
616,4285121280.0,"00030-31-(isometric art style_1.3),building, white background,.png",Isometric (6).jpg
617,5257644032.0,"00030-31-(isometric art style_1.3),building, white background,.png",Isometric (7).jpg
618,6382435840.0,"00030-31-(isometric art style_1.3),building, white background,.png",Isometric (8).jpg
619,5650440704.0,"00030-31-(isometric art style_1.3),building, white background,.png",Isometric (9).jpg
620,3597124608.0,"00031-32-(isometric art style_1.3),building, white background,.png",Isometric (1).jpg
621,4568614912.0,"00031-32-(isometric art style_1.3),building, white background,.png",Isometric (10).jpg
622,5568388608.0,"00031-32-(isometric art style_1.3),building, white background,.png",Isometric (11).jpg
623,2878226176.0,"00031-32-(isometric art style_1.3),building, white background,.png",Isometric (12).jpg
624,3083674624.0,"00031-32-(isometric art style_1.3),building, white background,.png",Isometric (13).jpg
625,4879754240.0,"00031-32-(isometric art style_1.3),building, white background,.png",Isometric (14).jpg
626,1996380928.0,"00031-32-(isometric art style_1.3),building, white background,.png",Isometric (15).jpg
627,2574942976.0,"00031-32-(isometric art style_1.3),building, white background,.png",Isometric (16).jpg
628,3946103808.0,"00031-32-(isometric art style_1.3),building, white background,.png",Isometric (17).jpg
629,2942053376.0,"00031-32-(isometric art style_1.3),building, white background,.png",Isometric (18).jpg
630,1913281792.0,"00031-32-(isometric art style_1.3),building, white background,.png",Isometric (19).jpg
631,4804692992.0,"00031-32-(isometric art style_1.3),building, white background,.png",Isometric (2).jpg
632,2878644224.0,"00031-32-(isometric art style_1.3),building, white background,.png",Isometric (20).jpg
633,3856449280.0,"00031-32-(isometric art style_1.3),building, white background,.png",Isometric (3).jpg
634,2906297344.0,"00031-32-(isometric art style_1.3),building, white background,.png",Isometric (4).jpg
635,4292080640.0,"00031-32-(isometric art style_1.3),building, white background,.png",Isometric (5).jpg
636,2904998144.0,"00031-32-(isometric art style_1.3),building, white background,.png",Isometric (6).jpg
637,4208704512.0,"00031-32-(isometric art style_1.3),building, white background,.png",Isometric (7).jpg
638,4617909760.0,"00031-32-(isometric art style_1.3),building, white background,.png",Isometric (8).jpg
639,3986044160.0,"00031-32-(isometric art style_1.3),building, white background,.png",Isometric (9).jpg
